"category","version","works","name","link","author","linktoauthor","description"
"for-scripters","0.7.0-alpha","Fully functional","DataManager","https://github.com/tes3mp-scripts/DataManager","Urm/uramer","https://github.com/uramer","This module does nothing by itself, but provides a simple API to handle configuration and data files. Is required for all of my moudles."
"for-scripters","0.7.0-alpha","Fully functional","ContainerFramework","https://github.com/tes3mp-scripts/ContainerFramework","Urm/uramer","https://github.com/uramer","his module does nothing by itself, but provides an API to handle various types of custom containers."
"feature","0.7.0-alpha","Fully functional","VisualHarvesting","https://github.com/tes3mp-scripts/VisualHarvesting","Urm/uramer","https://github.com/uramer","This is a tes3mp version of graphic herbalism. Players can activate  plants, removing them from the world and gaining ingredients. Whenever a  cell is loaded, all the harvested plants respawn, if enough time has  passed."
"progression","0.7.0-alpha","Fully functional","BetterVanillaLeveling","https://github.com/tes3mp-scripts/BetterVanillaLeveling","Urm/uramer","https://github.com/uramer","A collection of popular improvements to vanilla leveling mechanics.  Fixed attribute modifiers, level cap, rescaled base health,natural progression - gain attributes by increasing skills."
"mechanics","0.7.0-alpha","Fully functional","WeatherController","https://github.com/tes3mp-scripts/WeatherController","Urm/uramer","https://github.com/uramer","Gives full control over weather to the server, defined by configurable Markov chains per month (allowing seasons."
"cellreset","0.7.0-alpha","Fully functional","CellReset","https://github.com/tes3mp-scripts/CellReset","Urm/uramer","https://github.com/uramer","This script simply removes all but specified cells' files on server  startup, if enough time has passed since they were last visited. This  allows creatures to spawn in a way most similar to single player OpenMW."
"difficulty","0.7.0-alpha","Fully functional","FullLoot","https://github.com/tes3mp-scripts/FullLoot","Urm/uramer","https://github.com/uramer","Empties player's inventory on death and spawns a container with its contents, available for anyone to take."
"for-scripters","0.7.0-alpha","Fully functional","DoorFramework","https://github.com/tes3mp-scripts/DoorFramework","Urm/uramer","https://github.com/uramer","A complete solution to create custom doors."
"public servers","0.7.0-alpha","Fully functional","ShutdownServer","https://github.com/tes3mp-scripts/ShutdownServer","Urm/uramer","https://github.com/uramer","Allows you to exit the server in orderly fashion, while triggering the 'OnServerExit' event (important for most of my scripts. Also makes sure to save all the data in case 'OnServerExit' is triggered by a lua crash."
"quest-fixes","0.7.0-alpha","Fully functional","OriginalStart","https://github.com/tes3mp-scripts/OriginalStart","Urm/uramer","https://github.com/uramer","Fixes most of the issues related to vanilla game start. However, the  tes3mp chargen style is kept, so a lot of the voiced dialogue is skipped."
"feature","0.7.0-alpha","Fully functional","FootPrints","https://github.com/tes3mp-scripts/FootPrints","Urm/uramer","https://github.com/uramer","Spawns a trail of invisible objects behind every player. Other players can see them using the Detect Key spell effect."
"for-scripters","0.7.0-alpha","Fully functional","DropFramework","https://github.com/tes3mp-scripts/DropFramework","Urm/uramer","https://github.com/uramer","A set of simple tools to spawn random loot."
"public servers","0.7.0-alpha","Fully functional","PlayerLobby","https://github.com/tes3mp-scripts/PlayerLobby","Urm/uramer","https://github.com/uramer","Spawns all new characters in a designated lobby cell. Can be used to  present different starting location choices, staring equipment or other  server related activities."
"quest-fixes","0.7.0-alpha","Lightly untested","Artkwend","https://github.com/tes3mp-scripts/Artkwend","Urm/uramer","https://github.com/uramer","This script fixes some of the issues with Arktwend in TES3MP. Only lightly untested."
"difficulty","0.7.0-alpha","Fully functional","DoubleTrouble","https://github.com/tes3mp-scripts/DoubleTrouble","Urm/uramer","https://github.com/uramer","This script only handles cells on the first visit, resetting if the cell file was not present on server startup.That means, that only cell reset scripts that actually remove cell files will cause creatures to be re-duplicated."
"for-scripters","0.7.0-alpha","Fully functional","CustomAlchemy","https://github.com/tes3mp-scripts/CustomAlchemy","Urm/uramer","https://github.com/uramer","**customAlchemy** reimpliments vanilla alchemy mechanics to  allow batch potion brewing, server side customization and improvement  of server performance."
"menu","0.7.0-alpha","Fully functional","forge menus","https://github.com/rickoff/Tes3mp-Ecarlate-Script/tree/0.7.0/Menu","rickoff","https://github.com/rickoff","various menus in french"
"gamemode","0.7.0-alpha","Fully functional","TeamWorldMatch","https://github.com/rickoff/Tes3mp-Ecarlate-Script/tree/0.7.0/TWM","rickoff","https://github.com/rickoff","WorldMatch Tournament counts kills and tells winners"
"interaction","0.7.0-alpha","Fully functional","ActivatePlayer","https://github.com/rickoff/Tes3mp-Ecarlate-Script/tree/0.7.0/ActivatePlayer","rickoff","https://github.com/rickoff","Raises a player by activating it for now, later: pickpocketing, direct haggling, invitation"
"public servers","0.7.0-alpha","Fully functional","Bank","https://github.com/rickoff/Tes3mp-Ecarlate-Script/tree/0.7.0/Bank","rickoff","https://github.com/rickoff","Personal banking system, deposit, withdraw soon make the transfer but pay attention to taxes"
"feature","0.7.0-alpha","Fully functional","Compagnon","https://github.com/rickoff/Tes3mp-Ecarlate-Script/tree/0.7.0/Compagnon","rickoff","https://github.com/rickoff","call companions and give them orders to follow, activated, stop and other"
"difficulty","0.7.0-alpha","Fully functional","DeathDrop","https://github.com/rickoff/Tes3mp-Ecarlate-Script/tree/0.7.0/DeathDrop","rickoff","https://github.com/rickoff","This is the modified version of DeathDrop made for Rickoff so that only gold is left to death except 100"
"gamemode","0.7.0-alpha","Fully functional","EcarlateSoul","https://github.com/rickoff/Tes3mp-Ecarlate-Script/tree/0.7.0/EcarlateSoul","rickoff","https://github.com/rickoff","An experience gain system with skill chart, inspired by ragefire exp"
"feature","0.7.0-alpha","Fully functional","Housing","https://github.com/rickoff/Tes3mp-Ecarlate-Script/tree/0.7.0/Housing","rickoff","https://github.com/rickoff","The ultimate script for buying house, land and supply,shop system, also  allows placing objects in the space. Written by Atkana translated and  adapted for the Ecarlate server"
"gamemode","0.7.0-alpha","Fully functional","HunterWorld","https://github.com/rickoff/Tes3mp-Ecarlate-Script/tree/0.7.0/HunterWorld","rickoff","https://github.com/rickoff","add 100 random spawn point for creature or npcwhen a boss creature appears the players receive a messagewhen a player kills a boss he receives a reward and a message displays that a rare creature was killed"
"public servers","0.7.0-alpha","Fully functional","MarketPlace","https://github.com/rickoff/Tes3mp-Ecarlate-Script/tree/0.7.0/MarketPlace","rickoff","https://github.com/rickoff","A global marketplace to sell your items or buy items put up for sale by other players"
"gamemode","0.7.0-alpha","Fully functional","WorldMining","https://github.com/rickoff/Tes3mp-Ecarlate-Script/tree/0.7.0/Mining","rickoff","https://github.com/rickoff","Mine rocks and trees with the specific axe"
"interaction","0.7.0-alpha","Fully functional","DeathChoice","https://github.com/rickoff/Tes3mp-Ecarlate-Script/blob/0.7.0/OnDeathChoice/DeathChoice","rickoff","https://github.com/rickoff","Gives player choice to revive or wait on timer"
"quest-fixes","0.7.0-alpha","Fully functional","ResetSolution","https://github.com/rickoff/Tes3mp-Ecarlate-Script/tree/0.7.0/ResetSolution","rickoff","https://github.com/rickoff","A way to reset guild data such as rank, eviction, reputation, and quest log entries"
"gamemode","0.7.0-alpha","Fully functional","Tournament","https://github.com/rickoff/Tes3mp-Ecarlate-Script/tree/0.7.0/Tournament","rickoff","https://github.com/rickoff","sign up! wait for the countdown! fight! win prizes!"
"gamemode","0.7.0-alpha","Fully functional","TrueSurvive","https://github.com/rickoff/Tes3mp-Ecarlate-Script/tree/0.7.0/TrueSurvive","rickoff","https://github.com/rickoff","A script that simulates the primary need for survival( sleep, drink, eat, attack max, weather"
"quest-fixes","0.7.0-alpha","Fully functional","VampWolfFix","https://github.com/rickoff/Tes3mp-Ecarlate-Script/tree/0.7.0/VampWolfFix","rickoff","https://github.com/rickoff","Fix Werewolf/Vampire status for player"
"public servers","0.7.0-alpha","Fully functional","VoiceBot","https://github.com/rickoff/Tes3mp-Ecarlate-Script/tree/0.7.0/VoiceBot","rickoff","https://github.com/rickoff","Bot vocal Discord with position player on server"
"public servers","0.7.0-alpha","Fully functional","Wanted","https://github.com/rickoff/Tes3mp-Ecarlate-Script/tree/0.7.0/Wanted","rickoff","https://github.com/rickoff","The Skvysh script translates and adapts for the Ecarlate server"
"public servers","0.7.0-alpha","Fully functional","DirectTrade","https://github.com/Schnibbsel/TES3MP-Pants/tree/master/0.7.0/DirectTrade","Schnibbsel","https://github.com/Schnibbsel","Its a EasyMarket You can exchange Items with other Players against Gold"
"progression","0.7.0-alpha","Fully functional","Mediate Command","https://github.com/Schnibbsel/Ragefire-Tes3mp/blob/master/Ready%20for%20testing/sorted/Char%20Progression/meditate.lua","Schnibbsel/Snapjaw","https://github.com/Schnibbsel","use /med to regain health/mana"
"progression","0.7.0-alpha","Fully functional","racialbonus","https://github.com/Schnibbsel/Ragefire-Tes3mp/blob/master/Ready%20for%20testing/sorted/Char%20Progression/racialbonuses.lua","Schnibbsel/Snapjaw","https://github.com/Schnibbsel","give bonus spells depending on race"
"gamemode","0.7.0-alpha","Fully functional","ExperiencePoints","https://github.com/Schnibbsel/Ragefire-Tes3mp/tree/master/Ready%20for%20testing/sorted/Char%20Progression/ExperiencePoints","Schnibbsel/Snapjaw","https://github.com/Schnibbsel","gain EXP when killing and spend them on abilitys"
"public servers","0.7.0-alpha","Fully functional","CreatureLoot","https://github.com/Schnibbsel/Ragefire-Tes3mp/blob/master/Ready%20for%20testing/sorted/Exploring%20(in%20Team)/creatureLoot.lua","Schnibbsel","https://github.com/Schnibbsel","Add loot to creatures when they die"
"public servers","0.7.0-alpha","Fully functional","DungeonCreation","https://github.com/Schnibbsel/Ragefire-Tes3mp/blob/master/Ready%20for%20testing/sorted/Exploring%20(in%20Team)/dungeoncreation.lua","Schnibbsel/Snapjaw","https://github.com/Schnibbsel","add difficulty and specific buffs to dungeons"
"public servers","0.7.0-alpha","Fully functional","Channels","https://github.com/Schnibbsel/Ragefire-Tes3mp/blob/master/Ready%20for%20testing/sorted/Player%20Interaction/channels.lua","Schnibbsel","https://github.com/Schnibbsel","speak in different channels in the chat"
"public servers","0.7.0-alpha","Fully functional","Responding","https://github.com/Schnibbsel/Ragefire-Tes3mp/blob/master/Ready%20for%20testing/sorted/Player%20Interaction/responding.lua","Schnibbsel","https://github.com/Schnibbsel","when you get messaged privately use /r to respond"
"feature","0.7.0-alpha","Fully functional","HomeCities","https://github.com/Schnibbsel/Ragefire-Tes3mp/blob/master/Ready%20for%20testing/sorted/Questing%20and%20Purpose/homecities.lua","Schnibbsel/Snapjaw","https://github.com/Schnibbsel","choose a home city at the game start"
"public servers","0.7.0-alpha","Fully functional","Useful Snippets","https://github.com/Schnibbsel/Ragefire-Tes3mp/tree/master/Ready%20for%20testing/sorted/useful%20Additions","Schnibbsel","https://github.com/Schnibbsel","forbid entering of bloodmoon, show cells of players, fix collision, donor commands, kick high ping players, killing of legendary creatures, stop russian names, add a soulgem tax"
"for-scripters","0.7.0-alpha","Fully functional","preObjects","https://github.com/Schnibbsel/Ragefire-Tes3mp/tree/master/Ready%20for%20testing/sorted/useful%20Additions/preObjectsFramework","Schnibbsel","https://github.com/Schnibbsel","An Framework to spawn into a cell out of a json"
"gamemode","0.7.0-alpha","Fully functional","WorldMining english","https://github.com/Schnibbsel/Ragefire-Tes3mp/tree/master/Ready%20for%20testing/sorted/useful%20Additions/preObjectsFramework/WorldMining/englishVersion","Schnibbsel/Rickoff","https://github.com/Schnibbsel","This Script enables you to craft Materials and place Objects, also doors and custom cells"
"public servers","0.7.0-alpha","Fully functional","JersServerMarket","https://github.com/Schnibbsel/Ragefire-Tes3mp/blob/master/Ready%20for%20testing/JersServerMarket.lua","Schnibbsel/JerTheBear","https://github.com/Schnibbsel","a global market to cell all things across players and implement an economy"
"mechanics","0.7.0-alpha","Fully functional","AntiCurses","https://github.com/Schnibbsel/Ragefire-Tes3mp/tree/master/old%20archive/Ragefire%20Versions%20of%20other%20scripts/skvysh-customhooked/AntiCurses","Schnibbsel/Skvysh","https://github.com/Schnibbsel","This script automatically removes any Dremora Lords, Ancestral Ghosts or Dwemer Ghosts created by the cursed items when a player picks one up. Server owners can choose to not remove entities spawned by certain items."
"public servers","0.7.0-alpha","Fully functional","where cmd","https://github.com/adray/CoreScripts/commit/767e217f2f553ae5f90bc38fb62139efa06f07b8","adray","https://github.com/adray/","shows player loactions and the towns they are in"
"quest-fixes","0.7.0-alpha","Fully functional","Boots of Actually Blinding Speed","https://github.com/Schnibbsel/Ragefire-Tes3mp/tree/master/old%20archive/Ragefire%20Versions%20of%20other%20scripts/skvysh-customhooked/BOABS","Schnibbsel/Skvysh","https://github.com/Schnibbsel","For when you reeeeally hate people who use those boots"
"mechanics","0.7.0-alpha","Fully functional","CliffRacerSounds","https://github.com/Schnibbsel/Ragefire-Tes3mp/tree/master/old%20archive/Ragefire%20Versions%20of%20other%20scripts/skvysh-customhooked/CliffRacerSounds","Schnibbsel/Skvysh","https://github.com/Schnibbsel","The script checks if a player is in wilderness (exterior cell in the Vvardenfell) and generates a random number (default: between 1 and 60). If specific number is rolled (by default: once every minute, on average), it plays one of the three cliff racer sounds found in the MW's data folders."
"public servers","0.7.0-alpha","Fully functional","Criminals","https://github.com/Schnibbsel/Ragefire-Tes3mp/tree/master/old%20archive/Ragefire%20Versions%20of%20other%20scripts/skvysh-customhooked/Criminals","Schnibbsel/Skvysh","https://github.com/Schnibbsel","The script enhances the bounty system by adding global messages when people reach certain tresholds of bounty (500, 1000 and 5000) or when they manage to clear their name. It also adds the ability to award the bounty to players who kill the criminals. Finally, it is possible to append prefixes to the chat messages sent by criminals, to let others know they indeed broke the law."
"feature","0.7.0-alpha","Fully functional","PlayTime","https://github.com/Schnibbsel/Ragefire-Tes3mp/tree/master/old%20archive/Ragefire%20Versions%20of%20other%20scripts/skvysh-customhooked/PlayTime","Schnibbsel/Skvysh","https://github.com/Schnibbsel","Script tracks players' play time on the server and stores it in their data files in seconds. Two new chat commands - /playtime and /playtime all - displays either individual play time or every player's that is currently online. The play time is converted into days/hours/minutes/seconds format when it is being displayed."
"roleplay","0.7.0-alpha","Fully functional","RPRolls","https://github.com/Schnibbsel/Ragefire-Tes3mp/tree/master/old%20archive/Ragefire%20Versions%20of%20other%20scripts/skvysh-customhooked/RPRolls","Schnibbsel/Skvysh","https://github.com/Schnibbsel","This scripts adds a /roll <skill/attirbute> command (by default available to everyone) which chooses a random value between player's specified skill/attribute and 100. The result is displayed in local chat for everyone to see the outcome. The script was made with RP server in mind, hence the name."
"feature","0.7.0-alpha","Fully functional","Recursive Cliff Racers","https://github.com/Schnibbsel/Ragefire-Tes3mp/tree/master/old%20archive/Ragefire%20Versions%20of%20other%20scripts/skvysh-customhooked/RecursiveCliffRacers","Schnibbsel/Skvysh","https://github.com/Schnibbsel","nitially written for Morrowind May Modathon Month 2018, the script partially mimics the functionality of the Recursive Cliff Racers TES3 mod using a mod-less Lua script that players do not need to install or even know about while playing TES3MP."
"quest-fixes","0.7.0-alpha","Fully functional","Startup Scripts","https://github.com/Schnibbsel/Ragefire-Tes3mp/tree/master/old%20archive/Ragefire%20Versions%20of%20other%20scripts/skvysh-customhooked/StartupScripts","Schnibbsel/Skvysh","https://github.com/Schnibbsel","The script attempts to load as much of the missing objects, variables and anything else that would otherwise be lost after a relog. The variables and entities are adjusted based on player's journal and is independent of the journal sharing progress. Current fixes addressed by the script are documented below and one can expect the list to expand in the future."
"quest-fixes","0.7.0-alpha","Fully functional","Werewolf Robe","https://github.com/Schnibbsel/Ragefire-Tes3mp/tree/master/old%20archive/Ragefire%20Versions%20of%20other%20scripts/skvysh-customhooked/WerewolfRobe","Schnibbsel/Skvysh","https://github.com/Schnibbsel","This small script adds a chat command /wwrobe that allows players on the server to equip the elusive Werewolf Robe. This item is essentially the body of a werewolf and is actually given to player when it turns into a werewolf, however, the item cannot be seen in inventory. Still, the item is saved in the player's datafile, so it can be kept track of. The scripts allows some customization, such as"
"feature","0.7.0-alpha","Fully functional","DirtyDisableFriendlyFire","https://github.com/Schnibbsel/TES3MP-Pants/tree/master/0.7.0/DirtyDisableFriendlyFire","Schnibbsel","https://github.com/Schnibbsel","If you accidentally hit your buddy and kill him. He will be instantly resurrected. This is a dirty Version to stop Friendly Fire."
"public servers","0.7.0-alpha","Fully functional","PARTYsystem","https://github.com/Schnibbsel/TES3MP-Pants/tree/master/0.7.0/PARTYsystem","Schnibbsel","https://github.com/Schnibbsel","This is a Grouping Up / Party - System"
"interaction","0.7.0-alpha","Fully functional","PlaceBountyOnOthers","https://github.com/Schnibbsel/TES3MP-Pants/tree/master/0.7.0/PlaceBountyOnOthers","Schnibbsel","https://github.com/Schnibbsel","Place bounties on other players and hunt them down to gather the bounty."
"gamemode","0.7.0-alpha","Fully functional","Worldbuilding","https://github.com/Schnibbsel/TES3MP-Pants/tree/master/0.7.0/Worldbuilding","Schnibbsel","https://github.com/Schnibbsel","place Objects ingame create complete Dungeons works with cellreset through preObjects craft materials to buy objects"
"public servers","0.6.2","Fully functional","Schnibbsel's 0.6.2 snippets","https://github.com/Schnibbsel/TES3MP-Pants/tree/master/0.6.2/","Schnibbsel","https://github.com/Schnibbsel","various smaller snippets mostly for public servers"
"feature","0.7.0-alpha","Fully functional","Alternate Start","https://github.com/Boyos999/tes3mpScripts/tree/master/Alternate%20Start","Boyos999","https://github.com/Boyos999","Allows the player to select a location to spawn at when their character is first created"
"feature","0.7.0-alpha","Fully functional","Dungeon Loot","https://github.com/Boyos999/tes3mpScripts/tree/master/Dungeon%20Loot","Boyos999","https://github.com/Boyos999","Script for a hopefully modular system of cooldown based looting."
"public servers","0.7.0-alpha","Fully functional","Guar Banker","https://github.com/Boyos999/tes3mpScripts/tree/master/Dungeon%20Loot","Boyos999","https://github.com/Boyos999","Allows players to use /banker to spawn a refId (configurable) on a cooldown, and despawn after a set interval (I tested with kanaBank)"
"for-scripters","0.7.0-alpha","Fully functional","PlayerPaketHelper","https://github.com/Boyos999/tes3mpScripts/tree/master/Player%20Packet%20Helper","Boyos999","https://github.com/Boyos999","Adds and removes player pakets API"
"feature","0.7.0-alpha","Fully functional","Note Writing","https://github.com/Boyos999/tes3mpScripts/tree/master/Note%20Writing","Boyos999","https://github.com/Boyos999","Use /write <text> (without <> to create a note with given text. Makes a check to see if the player has the required item(s (only paper by default."
"mechanics","0.7.0-alpha","Fully functional","Potion Limiter","https://github.com/Boyos999/tes3mpScripts/tree/master/Potion%20Limiter","Boyos999","https://github.com/Boyos999","Limits the number of active potion effects a player can have on them,  by default this is 3 at alchemy less than 50, gaining one extra at 50, 75, and 100 alchemy. For use with non-vanilla potions, you need to add the required  information following the format in vanillapotions.json, any custom  records should work by defaultDisclaimer: I have no idea what the performance impact of this is"
"for-scripters","0.7.0-alpha","Fully functional","Random Helper","https://github.com/Boyos999/tes3mpScripts/tree/master/Random%20Helper","Boyos999","https://github.com/Boyos999","it's like 4 lines, basically sets random seed when server launches"
"interaction","0.7.0-alpha","Fully functional","Res Menu","https://github.com/Boyos999/tes3mpScripts/tree/master/Res%20Menu","Boyos999","https://github.com/Boyos999","Gives the player the choice of respawning at an imperial shrine or tribunal temple on death, as opposed to it being random"
"feature","0.7.0-alpha","Fully functional","Starter Equipment","https://github.com/Boyos999/tes3mpScripts/tree/master/Starter%20Equipment","Boyos999","https://github.com/Boyos999","A simple script to add some basic starter equipment to players based on their skills"
"cellreset","0.7.0-alpha","Fully functional","TES3MP-npcReset","https://github.com/rnate/TES3MP-npcReset","rnate","https://github.com/rnate","This script will log the time the player enters a cell, and then  depending on the resetTime (default 1 hour of real time, run the  console command 'RA'"
"feature","0.7.0-alpha","Fully functional","GraphicHerbalismn Oudated","https://github.com/rnate/TES3MP-GraphicHerbalismn-Oudated","rnate","https://github.com/rnate","is outdated. plants disappear when harvested"
"roleplay","0.7.0-alpha","Fully functional","tes3mp-roleplay-chat-essentials","https://github.com/David-AW/tes3mp-roleplay-chat-essentials","David-AW","https://github.com/David-AW","local chat, OOC/Local OOC, Nicknames, /me"
"for-scripters","0.7.0-alpha","Fully functional","tes3mp-Script-Loader","https://github.com/David-AW/tes3mp-Script-Loader","David-AW","https://github.com/David-AW","This script makes it easier to develop and install custom scripts. Just drop the custom script into **mpstuff/scripts/** and add it to **mpstuff/data/scripts.json**.If your server is already online and you want to load up a script you just made/added; follow the steps above and then do /loadscript scriptname"
"public servers","0.7.0-alpha","Fully functional","tes3mp-safezone-dropitems","https://github.com/David-AW/tes3mp-safezone-dropitems","David-AW","https://github.com/David-AW","safezones and drop items on death, configurable."
"quest-fixes","0.7.0-alpha","Fully functional","tes3mp-disable-assassins","https://github.com/David-AW/tes3mp-disable-assassins","David-AW","https://github.com/David-AW","Disable Tribunal assassins"
"cellreset","0.7.0-alpha","Fully functional","CellReset","https://github.com/Atkana/tes3mp-scripts/tree/master/0.7/CellReset","Atkana","https://github.com/Atkana","Cell Reset is a script for periodically resetting the game's cells to  their default states, in a manner that tries to avoid all the potential  problems other methods might cause (for example, manually deleting a cell's .json entry can lead to problems!. The server owner  can configure how often these happen, as well as provide a list of  cells that they don't want to be affected."
"for-scripters","0.7.0-alpha","Fully functional","GeneralGUI","https://github.com/Atkana/tes3mp-scripts/tree/master/0.7/GeneralGUI","Atkana","https://github.com/Atkana","This is just some generalised way of using tes3mp's GUI stuff that I'll  most likely use for my scripts from now on. It doesn't make using them  any easier (in fact, it makes more work, however it offers a basic  structure to use. I'd initially intended to simply insert this into  every script I needed to use it in rather than making it into a fully-fledged module in order to cut down on installation steps, but  either way requires at least some installation, so I relented :P (Though  I may still use it the former way, anyways"
"feature","0.7.0-alpha","Fully functional","HotkeysExpanded","https://github.com/Atkana/tes3mp-scripts/tree/master/0.7/HotkeysExpanded","Atkana","https://github.com/Atkana","Hotkeys Expanded utilizes the custom item system to add some new, mostly  tes3mp-related functions for use for players via quick keys. These  include: equipping sets of items, sending messages (or commands in  chat, playing specific sounds, switching quick key bars, and running  script functions with set parameters."
"feature","0.7.0-alpha","Fully functional","ServerWarp","https://github.com/Atkana/tes3mp-scripts/tree/master/0.7/ServerWarp","Atkana","https://github.com/Atkana","Adds a /warp series of commands for ... warping."
"feature","0.7.0-alpha","Fully functional","kanaFurniture","https://github.com/Atkana/tes3mp-scripts/tree/master/0.7/kanaFurniture","Atkana","https://github.com/Atkana","you can spawn objects to furniture the world"
"public servers","0.7.0-alpha","Fully functional","kanaHousing","https://github.com/Atkana/tes3mp-scripts/tree/master/0.7/kanaHousing","Atkana","https://github.com/Atkana","you can buy and own houses"
"public servers","0.7.0-alpha","Fully functional","kanaBank","https://github.com/Atkana/tes3mp-scripts/tree/master/0.7/kanaBank","Atkana","https://github.com/Atkana","Provides access to personal storage for players to utilize via command, or by activating predesignatedbankers"
"public servers","0.7.0-alpha","Fully functional","kanaMOTD","https://github.com/Atkana/tes3mp-scripts/tree/master/0.7/kanaMOTD","Atkana","https://github.com/Atkana","Displays a MOTD message to every player who joins the server."
"interaction","0.7.0-alpha","Fully functional","kanaRevive","https://github.com/Atkana/tes3mp-scripts/tree/master/0.7/kanaRevive","Atkana","https://github.com/Atkana","Players enter a downed state instead of dying. Other players can activate them to revive them before they bleed out."
"progression","0.7.0-alpha","Fully functional","kanaStartingItems","https://github.com/Atkana/tes3mp-scripts/tree/master/0.7/kanaStartingItems","Atkana","https://github.com/Atkana","Grant newly created characters some configurable starting items based on  their race, class, skills, favored armor, and birth sign."
"progression","0.7.0-alpha","Fully functional","flatModifiers","https://github.com/Atkana/tes3mp-scripts/blob/master/0.7/flatModifiers.lua","Atkana","https://github.com/Atkana","Change the way that the attribute advancement modifiers on level up  are calculated. It can be configured to give a flat bonus to all  players, or a tailored bonus based on their class. Requires *classInfo*. (Note: Depending on the hot fix level of your version of 0.7-prerelease, the lines tes3mp.SendSkills(pid may not be necessary"
"for-scripters","0.7.0-alpha","Fully functional","classInfo","https://github.com/Atkana/tes3mp-scripts/blob/master/0.7/classInfo.lua","Atkana","https://github.com/Atkana","A compilation of data on the game's base classes and some related  functions for use in server scripts. NPC classes not yet implemented."
"gamemode","0.7.0-alpha","Fully functional","ccBuild","https://github.com/Texafornian/ccSuite/blob/master/scripts/ccsuite/ccBuild.lua","Texafornian","https://github.com/Texafornian","/build - Teleports players to a special cell where objects can be spawned No penalties upon dying in the cell, even for hardcore players Module can be configured to enable or disable wiping of the build cell"
"cellreset","0.7.0-alpha","Fully functional","ccCellReset","https://github.com/Texafornian/ccSuite/blob/master/scripts/ccsuite/ccCellReset.lua","Texafornian","https://github.com/Texafornian","Choose when your cells will be wiped upon server restart, if at all"
"public servers","0.7.0-alpha","Fully functional","ccFactions","https://github.com/Texafornian/ccSuite/blob/master/scripts/ccsuite/ccFactions.lua","Texafornian","https://github.com/Texafornian","Players can create and manage factions/guilds A faction can claim one cell and members will respawn there upon death /f - Faction chat /faction - Main faction control window"
"difficulty","0.7.0-alpha","Fully functional","ccHardcore","https://github.com/Texafornian/ccSuite/blob/master/scripts/ccsuite/ccHardcore.lua","Texafornian","https://github.com/Texafornian","Players can opt intopermadeathafter chargen- /ladder - Displays the HC players from highest level to lowest- Configure whether HC players drop gold on death- Configure optional safe cells (ccConfig.lua for HC players"
"public servers","0.7.0-alpha","W.I.P","ccHolidays","https://github.com/Texafornian/ccSuite/blob/master/scripts/ccsuite/ccHolidays.lua","Texafornian","https://github.com/Texafornian","Choose which holidays/events your server will celebrate- /holiday - Gives the player a gift on a specific date(s- Note: Holiday functionality is mostly hard-coded, but you can opt in/out of any holiday"
"public servers","0.7.0-alpha","Fully functional","ccServerMessage","https://github.com/Texafornian/ccSuite/blob/master/scripts/ccsuite/ccServerMessage.lua","Texafornian","https://github.com/Texafornian","Choose when and what messages will automatically appear every hour- If relying on a restart schedule, warn players in advance with a warning"
"interaction","0.7.0-alpha","Fully functional","jcMarketplace","https://github.com/JakobCh/tes3mp_scripts/blob/master/jcMarketplace/jcMarketplace.lua","JakobCh","https://github.com/JakobCh","Allows you to set a price on items and sell them, also blocks other people from picking stuff up.- Supposed to be used with kanaHousing.Usage: see the script file"
"for-scripters","0.7.0-alpha","Fully functional","jsonCellLoader","https://github.com/JakobCh/tes3mp_scripts/tree/master/jsonCellLoader","JakobCh","https://github.com/JakobCh","Load a json file into the current cell.- See the top of the script file for a readme"
"feature","0.7.0-alpha","Fully functional","bookWriter","https://github.com/JakobCh/tes3mp_scripts/tree/master/bookWriter/scripts","JakobCh","https://github.com/JakobCh","write custom books ingame"
"for-scripters","0.7.0-alpha","Fully functional","customSpells","https://github.com/JakobCh/tes3mp_scripts/tree/master/customSpells/scripts","JakobCh","https://github.com/JakobCh",""
"for-scripters","0.7.0-alpha","Fully functional","doorLinks","https://github.com/JakobCh/tes3mp_scripts/tree/master/doorLinks/scripts","JakobCh","https://github.com/JakobCh","Makes a global table of all cell exits and where they lead."
"for-scripters","0.7.0-alpha","Fully functional","espParser","https://github.com/JakobCh/tes3mp_scripts/tree/master/espParser","JakobCh","https://github.com/JakobCh","Helper file for other scripts to get data from esp/esm files."
"for-scripters","0.7.0-alpha","Fully functional","loadtxt2esp","https://github.com/JakobCh/tes3mp_scripts/tree/master/loadtxt2esp","JakobCh","https://github.com/JakobCh","Load TXT2ESP4 files into a cellUsage: type/loadtxt2esp 'filename'were filename is the file in mp-stuff/data/txt2esp without the .txtExample: I've included the default example file from TXT2ESP4 and you  should be able to spawn it with/loadtxt2esp room\_source3Problems: There are no admin checks so anyone can run the command. Doors dont work"
"for-scripters","0.7.0-alpha","Fully functional","CellInserter","https://gitlab.com/rendeko/tes3mp-scripts/tree/master/CellInserter","rendeko","https://gitlab.com/rendeko","A framework/API to insert/remove objects on cell reset, allowing for seemingly persistent objects"
"feature","0.7.0-alpha","Fully functional","portableBedroll","https://gitlab.com/rendeko/tes3mp-scripts/tree/master/portableBedroll","rendeko","https://gitlab.com/rendeko","Players can pick up bedrolls, turning them into a custom record misc item."
"menu","0.7.0-alpha","Fully functional","brewAlcohol","https://gitlab.com/rendeko/tes3mp-scripts/tree/master/brewAlcohol","rendeko","https://gitlab.com/rendeko","Allows players to brew alcoholic drinks"
"feature","0.7.0-alpha","Fully functional","jrpAnim","https://gitlab.com/rendeko/tes3mp-scripts/tree/master/jrpAnim","rendeko","https://gitlab.com/rendeko","GUI for playing animations, with planned sitting/laying and idle animation support."
"feature","0.7.0-alpha","WIP but functional","QuestCounter","https://gitlab.com/rendeko/tes3mp-scripts/tree/master/questCounter","rendeko","https://gitlab.com/rendeko","Percentage tracker of how many quests a player has done in each region and faction"
"feature","0.7.0-alpha","Fully functional","easyFind","https://gitlab.com/rendeko/tes3mp-scripts/tree/master/easyFind","rendeko","https://gitlab.com/rendeko","A menu that shows you where every player is, because everybody just watches their client output anyway."
"quest-fixes","0.7.0-alpha","WIP but functional","jrpFixes","https://gitlab.com/rendeko/tes3mp-scripts/tree/master/jrpFixes","rendeko","https://gitlab.com/rendeko","An attempt at making everything in Morrowind+DLC work in TES3MP"
"roleplay","0.7.0-alpha","Fully functional","jrpChat","https://gitlab.com/rendeko/tes3mp-scripts/tree/master/jrpChat","rendeko","https://gitlab.com/rendeko","A roleplay based chat overhaul- All chat is local by default except for OOC- Supports nicknames"
"feature","0.7.0-alpha","Fully functional","jrpCompanions","https://gitlab.com/rendeko/tes3mp-scripts/tree/master/jrpCompanions","rendeko","https://gitlab.com/rendeko","A *.json* configurable companion/follower script- (Probably no redundant functions!- Originally forked and heavily modified from Ecarlate"
"roleplay","0.7.0-alpha","Fully functional","jrpRolls","https://gitlab.com/rendeko/tes3mp-scripts/tree/master/jrpRolls","rendeko","https://gitlab.com/rendeko","A rolling script that lets players set their own roll bonuses- Roll bonuses can be set by admins"
"roleplay","0.7.0-alpha","Fully functional","jrpStatus","https://gitlab.com/rendeko/tes3mp-scripts/tree/master/jrpStatus","rendeko","https://gitlab.com/rendeko","A player-set dialogue other players can see when activating them- Made for roleplay purposes, inspired by WoW addons"
"feature","0.7.0-alpha","Fully functional","jrpTravel","https://gitlab.com/rendeko/tes3mp-scripts/tree/master/jrpTravel","rendeko","https://gitlab.com/rendeko","Activatable object/NPCs to teleport between Mages Guilds/Telvanni cities without a map- Tamriel Rebuilt support"
"public servers","0.7.0-alpha","Fully functional","jrpTweaks","https://gitlab.com/rendeko/tes3mp-scripts/tree/master/jrpTweaks","rendeko","https://gitlab.com/rendeko","Currently, just some bonus spells to make life easier. More planned"
"roleplay","0.7.0-alpha","Fully functional","setSex","https://gitlab.com/rendeko/tes3mp-scripts/tree/master/setSex","rendeko","https://gitlab.com/rendeko","Allows setting of character sex on the fly."
"public servers","0.7.0-alpha","Fully functional","xCard","https://gitlab.com/rendeko/tes3mp-scripts/tree/master/xCard","rendeko","https://gitlab.com/rendeko","An implementation of the X-Card concept by John Stavropoulos."
"quest-fixes","0.7.0-alpha","Fully functional","follower quests","https://github.com/Learwolf/tes3mp-Scripts/blob/master/tes3mp-server/server/scripts/custom/lear/followerQuestFixes.lua","Learwolf","https://github.com/Learwolf","As it stands, some escort quests break if the server crashes or resets mid-escort. This script resolves that. Simply speaking to the NPC will cause them to follow the player again."
"quest-fixes","0.7.0-alpha","Fully functional","cursed items","https://github.com/Learwolf/tes3mp-Scripts/blob/master/tes3mp-server/server/scripts/custom/lear/cursedItemsFix.lua","Learwolf","https://github.com/Learwolf","copy of skvyshs cursed items"
"quest-fixes","0.7.0-alpha","Fully functional","quest fixes","https://github.com/Learwolf/tes3mp-Scripts/blob/master/tes3mp-server/server/scripts/custom/lear/questFixes.lua","Learwolf","https://github.com/Learwolf","Azura's Quest (DA_Azura) Fix	-	This script will spawn Staada when a player who has the quest logged approaches the island in the Sheogorad region."
"quest-fixes","0.7.0-alpha","Fully functional","trueDisableAssassins","https://github.com/Learwolf/tes3mp-Scripts/blob/master/tes3mp-server/server/scripts/custom/lear/trueDisableAssassins.lua","Learwolf","https://github.com/Learwolf","This is a tes3mp script that will allow server owners to configure the spawn of Dark Brotherhood Assassins."
"quest-fixes","0.7.0-alpha","Fully functional","prematureCorpusFix","https://github.com/Learwolf/tes3mp-Scripts/blob/master/tes3mp-server/server/scripts/custom/lear/prematureCorpusFix.lua","Learwolf","https://github.com/Learwolf","This script will prevent Dagoth Gares from giving players Corprus unless they are on the correct quest to do so.   And for the player to progress when they do have the correct quest, they must activate Dagoth Gares once's he's dead.   This will prevent accidental and pre-mature Corprus acquisition."
"quest-fixes","0.7.0-alpha","Fully functional","lucanFixAldruhn","https://github.com/Learwolf/tes3mp-Scripts/blob/master/tes3mp-server/server/scripts/custom/lear/lucanFixAldruhn.lua","Learwolf","https://github.com/Learwolf","This script will prevent Lucan from continuosly spawning in Ald-ruhn during his quest line (mv\_thieftrader. If left uncheck, he can cause massive lag and spawn spamming in Ald-ruhn."
"gamemode","0.7.0-alpha","Fully functional","basicNeeds","https://github.com/nalal/DawnOfResdaynScriptRepo/blob/master/scripts/basicNeeds.lua","nalal","https://github.com/nalal","Adds hunger, thirst and fatigue"
"feature","0.7.0-alpha","Fully functional","spawnRandom","https://github.com/nalal/DawnOfResdaynScriptRepo/blob/master/scripts/addons/spawnRandom.lua","nalal","https://github.com/nalal","spawn at a random location with random starting gear when entering the game"
"public servers","0.7.0-alpha","Fully functional","adminUtils","https://github.com/nalal/DawnOfResdaynScriptRepo/blob/master/scripts/addons/adminUtils.lua","nalal","https://github.com/nalal","Utilities for admins"
"public servers","0.7.0-alpha","Fully functional","voteKick","https://github.com/nalal/DawnOfResdaynScriptRepo/blob/master/scripts/addons/voteKick.lua","nalal","https://github.com/nalal","Adds vote to kick"
"public servers","0.7.0-alpha","Basic functionality","MotD","https://github.com/TES3MP-TeamFOSS/Scripts/tree/0.7.0-alpha-wip/MotD","1338","https://github.com/1338","Display MotD upon login change with /motd changenew MotD"
"public servers","0.7.0-alpha","Basic functionality","guildsystem","https://github.com/1338/TES3MP-server-scripts/tree/master/master/guildsystem","1338","https://github.com/1338","Add guilds to the game"
"public servers","0.7.0-alpha","Fully functional","FossMail","https://github.com/TES3MP-TeamFOSS/Scripts/tree/0.7.0-alpha-wip/FossMail","hristoast","https://github.com/hristoast","A script for sending messages and items between players, regardless of whether they are on/offline, via an ingame GUI."
"public servers","0.7.0-alpha","Fully functional","IrcBridge","https://github.com/TES3MP-TeamFOSS/Scripts/tree/0.7.0-alpha-wip/IrcBridge","hristoast","https://github.com/hristoast","A module to bridge IRC and the in-game chat. It can be easily enhanced to work with Discord using matterbridge"
"progression","0.7.0-alpha","Fully functional","NCGD","https://github.com/hristoast/ncgd-tes3mp","hristoast","https://github.com/hristoast","A server-side lua implementation of Natural Character Growth And Decay - MW by Greywander, for TES3MP."
"public servers","0.7.0-alpha","Fully functional","RealEstate","https://github.com/TES3MP-TeamFOSS/Scripts/tree/0.7.0-alpha-wip/RealEstate","hristoast","https://github.com/hristoast","A module to provide houses buyable by players."
"difficulty","0.7.0-alpha","Fully functional","DeathDrop","https://github.com/TES3MP-TeamFOSS/Scripts/tree/0.7.0-alpha-wip/DeathDrop","hristoast","https://github.com/hristoast","Causes a player to drop their entire inventory upon death."
"difficulty","0.7.0-alpha","Fully functional","DynamicDifficulty","https://github.com/TES3MP-TeamFOSS/Scripts/tree/0.7.0-alpha-wip/DynamicDifficulty","hristoast","https://github.com/hristoast","A module that increases the difficulty linearly based on player level."
"for-scripters","0.7.0-alpha","fully functional","Graphic Herbalismn outdated","https://github.com/rnate/TES3MP-GraphicHerbalism-Outdated","rnate","https://github.com/rnate","Due to them relying on global player variables, none of the popular 'Graphic Herbalism' mods work in TES3MP. This transfers it to a server script, so it can run without issue."
"public servers","0.7.0-alpha","fully functional","Jers Server Market","https://github.com/Jerthebear/Tes3mp-Scripts/","JerTheBear","https://github.com/Jerthebear/","Server Market to trade goods between players relying on Containers"
"public servers","0.7.0-alpha","fully functional","Jers Storage Void","https://github.com/Jerthebear/Tes3mp-Scripts/blob/master/Void%20Storage%20Install.txt","JerTheBear","https://github.com/Jerthebear/","Storage Solution. You can put items in a container callable via command"
"public servers","0.7.0-alpha","fully functional","tes3mp-player-cells","https://github.com/NicholasAH/tes3mp-player-cells", "NicholasAh","https://github.com/NicholasAH/","This gives mods the ability to give players their own cells, where they can whitelist and unwhitelist it, and add whitelisted people. It was made afterplayer-ran stores would get robbed when players were offline."
"for-scripters","0.7.0-alpha","fully functional","tes3mp_Scriptloader","https://github.com/SaintWish/tes3mp_scriptloader","SaintWish","https://github.com/SaintWish/","The script loader makes it much easier and cleaner to install scripts and remove them"
"interaction","0.7.0-alpha","fully functional","resurrectActors","https://github.com/perfectcolors/tes3mp-scripts/tree/master/resurrectActors","perfectcolors","https://github.com/perfectcolors/","This script issues a resurrect command on actors in a user-defined list when a player loads a cell after a specified period of time."
"interaction","0.7.0-alpha","fully functional","PartyHealth","https://github.com/Nkfree/Partyhealth","Nkfree","https://github.com/Nkfree","You can add another Player into your Friendlist. Then if Friend1 'Activates' Friend2 he gets continuous update of Friend2's health as GUI or CHAT message."
"for-scripters","0.7.0-alpha","fully functional","HelpHelper","https://github.com/Nkfree/helpHelper","Nkfree","https://github.com/Nkfree","Make single help menus using one function and few variables."
"for-scripters","0.7.0-alpha","fully functional","positionsDB","https://github.com/Nkfree/positionsDB","Nkfree","https://github.com/Nkfree","It's an addon for Tes3MP that saves position and rotation of player into LUA MODULE file that can be then directly used by other scripts."
"feature","0.7.0-alpha","fully functional","jail","https://github.com/Nkfree/jail","Nkfree","https://github.com/Nkfree","0.7 alpha port of https://github.com/Xenkhan"
"feature","0.7.0-alpha","fully functional","bookAssist","https://github.com/buntnessel/tes3mp_bookAssist","buntnessel","https://github.com/buntnessel/","A morrowind-multiplayer/TEs3mp script implementing some of Book Rotates functionality for placing books vertically serverside"
"public servers","0.7.0-alpha","fully functional","BountyBoard","https://github.com/quickstraw/tes3mp-scripts/tree/master/Bounty%20Board","quickstraw","https://github.com/quickstraw/","Adds a bounty command which displays a sorted list of active players and their bounties."
"public servers","0.7.0-alpha","fully functional","Criminals","https://github.com/quickstraw/tes3mp-scripts/tree/master/Criminals/ScriptLoader","quickstraw","https://github.com/quickstraw/","This is a lua script for tes3mp based on Skvysh's Criminals script. I fixed the script to run correctly and hopefully without bugs. There is also a script loader compatible version which works with SaintWish's script loader which makes script installation a lot cleaner."
"feature","0.6.x","fully functional","tes3mp-jail","https://github.com/Xenkhan/tes3mp-jail","xenkhan","https://github.com/Xenkhan/","0.6.X solution to jailing players with actual time."
"public servers","0.7.0-alpha","WIP","DiscordRelay","https://github.com/MrFlutters/TES3MP_DiscordRelay","MrFlutters","https://github.com/MrFlutters","Discord Relay for TES3MP 0.7.0 (Webhook Branch)"
"gamemode","0.7.0-alpha","WIP","Deathmatch","https://github.com/testman42/tes3mp-deathmatch","testman42","https://github.com/testman42/","Deathmatch and Team Deathmatch for TES3MP 0.7.0-alpha."
"gamemode","0.7.0-alpha","WIP","tabletop","https://github.com/testman42/tes3mp-tabletop-games","testman42","https://github.com/testman42/","Currently contains just Mono card game which still has some ugly bugs."
"gamemode","0.7.0-alpha","WIP","Battle Royal","https://github.com/testman42/tes3mp-battle-royale","testman42","https://github.com/testman42/","Battle Royale game mode for TES3MP 0.7.0-alpha."
"public servers","0.7.0-alpha","Fully functional","UniqueItems","https://github.com/hristoast/TES3MP-UniqueItems/","hristoast","https://github.com/hristoast","makes sure unique items stay unique"
"public servers","0.7.0-alpha","untested","PlaceBountyOnOthers 0.7","https://github.com/Schnibbsel/Ragefire-Tes3mp/tree/master/old%20archive/Ragefire%20Versions%20of%20other%20scripts/indoril-scripts-ported","Schnibbsel","https://github.com/Schnibbsel","place a bounty on another player and clalim it by killing him"
"public servers","0.7.0-alpha","untested","Credits","https://github.com/Schnibbsel/Ragefire-Tes3mp/tree/master/old%20archive/Ragefire%20Versions%20of%20other%20scripts/indoril-scripts-ported","Schnibbsel","https://github.com/Schnibbsel","show credits motd"
"public servers","0.7.0-alpha","untested","SpendDrakens","https://github.com/Schnibbsel/Ragefire-Tes3mp/tree/master/old%20archive/Ragefire%20Versions%20of%20other%20scripts/indoril-scripts-ported","Schnibbsel","https://github.com/Schnibbsel","give indoril tokens to players and let them buy skills"
"public servers","0.7.0-alpha","untested","Tournament CTF","https://github.com/Schnibbsel/Ragefire-Tes3mp/tree/master/old%20archive/Ragefire%20Versions%20of%20other%20scripts/indoril-scripts-ported","Schnibbsel","https://github.com/Schnibbsel","play Capture the flag against others, does only work with indoril mod"
"public servers","0.7.0-alpha","untested","Tournament TWM","https://github.com/Schnibbsel/Ragefire-Tes3mp/tree/master/old%20archive/Ragefire%20Versions%20of%20other%20scripts/indoril-scripts-ported","Schnibbsel","https://github.com/Schnibbsel","team world match counts deaths by indoril factions"
"public servers","0.7.0-alpha","untested","Tournament TDM","https://github.com/Schnibbsel/Ragefire-Tes3mp/tree/master/old%20archive/Ragefire%20Versions%20of%20other%20scripts/indoril-scripts-ported","Schnibbsel","https://github.com/Schnibbsel","team deathmatch for indoril"
"public servers","0.7.0-alpha","untested","Tournament OwnedRegions","https://github.com/Schnibbsel/Ragefire-Tes3mp/tree/master/old%20archive/Ragefire%20Versions%20of%20other%20scripts/indoril-scripts-ported","Schnibbsel","https://github.com/Schnibbsel","indoril factions own regions where others pay fees"
"difficulty","0.7.0-alpha","untested","DynamicHP","https://github.com/Nkfree/DynamicHP-WIP-","NkFree","https://github.com/Nkfree/","Dynamic scaling of actors hp based on amount of visitors in certain cell"
"quest-fixes","0.7.0-alpha","fully functional","Rebirth-Gates-Fixed","https://github.com/Nkfree/-TES3MP-Morrowind-Rebirth-Gates-Fixed","NkFree","https://github.com/Nkfree/","fixing Morrowind Rebirth gates behaviour for 0.7 alpha TES3MP"
"public servers","0.7.0-alpha","fully functional","titleSystem","https://github.com/Nkfree/titleSystem","NkFree","https://github.com/Nkfree/","Adds chat titles of player's choice."
"public servers","0.7.0-alpha","fully functional","questHelper","https://github.com/Nkfree/questHelper","NkFree","https://github.com/Nkfree/","Script that protects quest items from being sold or dropped and allows each player to pick up one instance of that item regardless of whether another player picked it up before"
"feature","0.7.0-alpha","fully functional","Inspect","https://github.com/Nkfree/-TES3MP-Inspect","NkFree","https://github.com/Nkfree/","Enables players to inspect each other's equipments by either command or OnObjectActivate."
"public servers","0.7.0-alpha","fully functional","JournalMainQuestOnly","https://github.com/Nkfree/JournalMainQuestOnly","NkFree","https://github.com/Nkfree/","Simple tes3mp script that saves only main quest to world.json so guild and house progress can be done separately"
"mechanics","0.7.0-alpha","fully functional","DragonDoor","https://github.com/rickoff/Tes3mp-Ecarlate-Script/blob/0.7.0/DragonDoor/DragonDoor.lua","RickOff","https://github.com/rickoff/","creatures and npc follow players through doors"
"public servers","0.7.0-alpha","fully functional","GroupTeam","https://github.com/rickoff/Tes3mp-Ecarlate-Script/tree/0.7.0/GroupTeam","RickOff","https://github.com/rickoff/","group/party system for players"
"public servers","0.7.0-alpha","fully functional","ccMail","https://github.com/Texafornian/ccmail/","Texafornian","https://github.com/Texafornian/","Simple mailbox GUI for TES3MP"
"progression","0.7.0-alpha","fully functional","MBSP","https://github.com/IllyaMoskvin/tes3mp-mbsp","IllvaMoskvin","https://github.com/IllyaMoskvin/","A server-side Lua implementation of Magicka Based Skill Progression slash Magicka Mastery "
"public servers","0.7.0-alpha","fully functional","worldkill","https://github.com/rickoff/Tes3mp-Ecarlate-Script/blob/0.7.0/WorldKill/SendKills.lua","RickOff","https://github.com/rickoff/","the death counter is now independent per player"
"menu","0.7.0-alpha","fully functional","ChatConfig","https://github.com/rickoff/Tes3mp-Ecarlate-Script/tree/0.7.0/ChatConfig","RickOff","https://github.com/rickoff/","A Config for your chat"
"for-scripters","0.7.0-alpha","fully functional","autoDataFiles","https://github.com/JakobCh/tes3mp_scripts/blob/master/autoDataFiles/scripts/autoDataFiles.lua","JakobCh","https://github.com/JakobCh/","automatically use datafiles from your openmw config"
"for-scripters","0.7.0-alpha","fully functional","GuiFramwork","https://github.com/tes3mp-scripts/GuiFramework","uramer","https://github.com/tes3mp-scripts/","A convenient way to call standard tes3mp GUI functions."
"for-scripters","0.7.0-alpha","fully functional","LevelingFramework","https://github.com/tes3mp-scripts/LevelingFramework","uramer","https://github.com/tes3mp-scripts/","a framework for leveling"
"public servers","0.7.0-alpha","fully functional","QuickKeyCleaner","https://github.com/tes3mp-scripts/QuickKeyCleaner","uramer","https://github.com/tes3mp-scripts/","Doesn't allow players to set some items as quick keys"
"public servers","0.7.0-alpha","fully functional","SupportTickets","https://github.com/tes3mp-scripts/SupportTickets","uramer","https://github.com/tes3mp-scripts/","A system to collect bug reports and feedback from players direclty on the game server."
"progression","0.7.0-alpha","fully functional","BountyHunters","https://github.com/quickstraw/tes3mp-scripts/tree/master/Bounty%20Hunters","quickstraw","https://github.com/quickstraw/","This is a lua script for tes3mp that spawns bounty hunters to attack those with decently high bounties."
"feature","0.7.0-alpha","fully functional","mannequin","https://github.com/Learwolf/tes3mp-Scripts/blob/master/tes3mp-server/server/scripts/custom/lear/mannequinNPC.lua","Learwolf","https://github.com/Learwolf/","place your gear on mannequins"
"menu","0.7.0-alpha","fully functional","ModActionMenu","https://github.com/Learwolf/tes3mp-Scripts/blob/master/tes3mp-server/server/scripts/custom/lear/modActionMenu.lua","Learwolf","https://github.com/Learwolf/","Action Menu for Moderators"
"quest-fixes","0.7.0-alpha","fully functional","creatureMerchantRestockGold","https://github.com/Learwolf/tes3mp-Scripts/blob/master/tes3mp-server/server/scripts/custom/lear/creatureMerchantRestockGold.lua","Learwolf","https://github.com/Learwolf/","This script will allow the creeper and mudcrab merchant to restock their gold simply by exiting their dialogue menu and speaking to them again."
"feature","0.7.0-alpha","fully functional","BetterIntro","https://github.com/MaxYari/TES3MP-Better-Intro","MaxYari","https://github.com/MaxYari/","These scripts bring new character experience closer to original Morrowind. Instead of being spawned on the streets of Balmora - new characters appear aboard the imperial prison ship "
"for-scripters","0.7.0-alpha","fully functional","malsServerScripts","https://github.com/Malseph/Mal-s-Public-Server-Scripts-for-Tes3MP","mal","https://github.com/Malseph/","public server script examples"
"progression","0.7.0-alpha","fully functional","basicNeeds","https://github.com/2cwldys/Dawn-of-Resdayn-Scripts/tree/master/scripts/custom/basicNeeds","2cwldys","https://github.com/2cwldys/","basic needs for morrowind"
"feature","0.7.0-alpha","fully functional","writing","https://github.com/nalal/DawnOfResdaynScriptRepo/blob/master/scripts/custom/writing/main.lua","nalal","https://github.com/nalal/","write books"
"feature","0.7.0-alpha","fully functional","stuck","https://github.com/nalal/DawnOfResdaynScriptRepo/blob/master/scripts/custom/stuck/main.lua","nalal","https://github.com/nalal/","unstuck players"
"roleplay","0.7.0-alpha","fully functional","rpchat","https://github.com/nalal/DawnOfResdaynScriptRepo/blob/master/scripts/custom/rpchat/main.lua","nalal","https://github.com/nalal/","rp chat used on DoR"
"for-scripters","0.7.0-alpha","fully functional","debugMode","https://github.com/nalal/DawnOfResdaynScriptRepo/blob/master/scripts/custom/debugMode/main.lua","nalal","https://github.com/nalal","set server in debug mdoe"
"roleplay","0.7.0-alpha","fully functional","crafting","https://github.com/nalal/DawnOfResdaynScriptRepo/blob/master/scripts/custom/basicCrafting/main.lua","nalla","https://github.com/nalal/","basic crafting for roleplay purpose"
"public servers","0.7.0-alpha","fully functional","better bans","https://github.com/nalal/DawnOfResdaynScriptRepo/blob/master/scripts/custom/betterBans/main.lua","nlala","https://github.com/nalal/","timed bans"
"feature","0.7.0-alpha","untested","bankbuddy","https://github.com/nalal/DawnOfResdaynScriptRepo/blob/master/scripts/custom/bankBuddy/main.lua","nala","https://github.com/nalal/","script is intended to work as banking system"
"interaction","0.7.0-alpha","fully functional","simpleRevive","https://gitlab.com/rendeko/tes3mp-scripts/-/tree/master/simpleRevive","redenko","https://gitlab.com/rendeko/","revive a player"
"interaction","0.7.0-alpha","fully functional","noticeBoard","https://gitlab.com/rendeko/tes3mp-scripts/-/tree/master/noticeBoard","redenko","https://gitlab.com/rendeko/","A public book players can write and read posts from. Moderators can remove notices. "
"progression","0.7.0-alpha","fully functional","questCounter","https://gitlab.com/rendeko/tes3mp-scripts/-/tree/master/questCounter","redenko","https://gitlab.com/rendeko/","Percentage tracker of how many quests a player has done in each region and faction"
"feature","0.7.0-alpha","fully functional","multiDoor","https://gitlab.com/rendeko/tes3mp-scripts/-/tree/master/multiDoor","redenko","https://gitlab.com/rendeko/","A script to give doors admin-defined multiple destinations"
"roleplay","0.7.0-alpha","fully functional","jrpShop","https://gitlab.com/rendeko/tes3mp-scripts/-/tree/master/jrpShop","redenko","https://gitlab.com/rendeko/","A completely configurable clothing shop and head/hair/height changer for players"
"for-scripters","0.7.0-alpha","fully functional","itemCatalog","https://gitlab.com/rendeko/tes3mp-scripts/-/tree/master/itemCatalog","redenko","https://gitlab.com/rendeko/","A framework that creates a large list of refId's and their item names, for other scripts to refer to"
"for-scripters","0.7.0-alpha","fully functional","CloneCell","https://gitlab.com/rendeko/tes3mp-scripts/-/tree/master/CloneCell","redenko","https://gitlab.com/rendeko/","Copies the contents of another cell into your current cell"
"for-scripters","0.7.0-alpha","fully functional","CellBackup","https://gitlab.com/rendeko/tes3mp-scripts/-/blob/master/cellManualBackup.lua","redenko","https://gitlab.com/rendeko/","simple command to copy a cell json to another folder, for really impressive player content"
"menu","0.7.0-alpha","fully functional","FactionCommands","https://gitlab.com/rendeko/tes3mp-scripts/-/blob/master/factionCommands.lua","redenko","https://gitlab.com/rendeko/"," two commands to unexpell yourself/leave factions"
"progression","0.7.0-alpha","fully functional","AntiMainQuest","https://gitlab.com/rendeko/tes3mp-scripts/-/blob/master/antiMainQuest.lua","redenko","https://gitlab.com/rendeko/","Disables accessing some main quest places"
"feature","0.7.0-alpha","fully functional","lastLogin","https://gitlab.com/rendeko/tes3mp-scripts/-/blob/master/lastLogin.lua","redenko","https://gitlab.com/rendeko/","Adds custom player variable for last login date and /lastlogin command to check"
